name,lat,lon
Delta-Med,50.2214011,19.0644236
Beczała,50.1986149,19.0434947
Profi-Dent,50.2243967,19.0695268
Apteka 21,50.2258402,19.0633104
Apteka na Miłej,50.2261351,19.0721094
Dbam o Zdrowie,50.3186617,19.0741761
Super-Pharm,50.2698061,19.0051265
Elmadent,50.3199889,19.1759061
Apteka CEFARM,50.2063594,19.1584488
Apteka Główna,50.2628977,19.0944171
Apteka Pod kwiatami II,50.2624056,19.0992605
Apteka Magiczna,50.277164,19.0688621
NA,50.235663,18.9630535
Dagmadent,50.2607107,19.0525881
Serpens,50.2603809,19.0526312
Vita Farm,50.2601597,19.0204135
Eskulap,50.2588299,19.0189171
Pharmavit,50.2601002,19.0184279
Apteka,50.1911054,19.1605342
Apteka VITA,50.1896191,19.1218347
Szpital Miejski nr 2,50.2470273,19.1329947
Apteka,50.2505289,19.005065
Apteka,50.2434501,19.0818057
NA,50.2440933,19.082163
Oddział Hematologii i Transplantacji Szpiku,50.2546733,19.0265932
Wojewódzkie Pogotowie Ratunkowe w Katowicach - Dyrekcja,50.2516874,19.0328129
NZOZ Energomontaż Chorzów,50.2862223,18.9604352
NA,50.2860211,18.9604578
Apteka VITALIS,50.1996703,18.9786387
Delta-Med,50.2253682,19.0624012
Na Załężu,50.2682876,18.9820731
Na Dębie,50.2790974,19.005393
Apteka Na Rogu,50.2544712,18.9107425
Apteka Książęca,50.2298771,18.970836
Medialis,50.2613215,19.0235284
Apteka Rodzinna,50.2533419,18.9045294
Plus,50.2508873,19.0054062
Dbam o Zdrowie,50.2741871,18.9666631
Piastów,50.2818909,18.9665953
Remedium,50.2331818,18.9863855
Dr. Max,50.23166,18.9825988
NA,50.2331776,18.9862639
Apteka Melisa,50.290656,19.1532311
NZOZ Lekarz Rodzinny,50.2384963,19.0113651
Apteka Vita-Farm II,50.261199,19.0195218
Stara,50.2905646,18.9191366
Apteka,50.2912397,18.9162412
NZOZ Prof Bis Med S.C.,50.2446874,19.0240901
NA,50.2643995,18.9369772
Staromiejska,50.3190347,19.0702629
Apteka św. Jana,50.3045748,19.0061496
NA,50.3200374,19.1383772
Vega,50.274919,18.9836951
Anevita,50.2746504,18.9834596
Salus,50.268678,19.0808171
Akademicka,50.2760568,18.9758686
Centrum Medyczne Wamed,50.2737992,19.0715251
Eskulap,50.2713666,19.0749878
Apteka na Złotym Rogu,50.2917313,18.9456614
Apteka pod Kwiatami III,50.2691098,19.0382437
NA,50.2318365,18.9781395
NA,50.2909702,19.1341757
Magiczna,50.2907876,19.1321402
Na Orlej,50.2904,19.1321817
Sawdent,50.2936259,19.1321857
NA,50.2925203,19.1320567
NA,50.2928507,19.1321428
Centrum Odnowy Biologicznej PULS,50.2558572,19.0284849
Klinika 2000,50.2671962,19.0084927
Śląskie Laboratoria Analityczne,50.2669491,19.0083727
zdrowit,50.3217773,19.0708689
Główna,50.2800565,18.9773349
Farmaco,50.2857915,18.9667617
SuperNowa,50.2752426,18.9827936
Praktyka Lekarzy Rodzinnych SALUS,50.2233893,18.9575336
Zespół Wojewódzkich Przychodni Specjalistycznych,50.2517125,19.0243069
Apteka Awicenna,50.2793949,18.9441686
Apteka Blisko Ciebie,50.2603972,19.0198716
Apteka Główna,50.2527174,19.0084421
Centrum Medyczne POLMED,50.2633864,19.0106068
Szpital Powiatowy,50.1748144,18.9056036
Mirdent,50.2899811,18.9625629
Witaminka,50.2902798,18.9625351
Apteka Floriańska,50.2974777,18.9338658
Przychodnia Beskidzka,50.2971914,18.9328128
Apteka Pod Orłem,50.2592585,19.0241917
NA,50.2761081,19.132346
Apteka,50.311007,18.9155446
Dr. Max,50.2519486,19.0249379
NA,50.2949424,19.1535664
Polsko-Amerykanska Klinika Serca,50.3208719,19.1768348
Viola,50.1997097,19.0399126
Anet-Med,50.2815349,19.1817585
Anet-Med,50.2815559,19.1817685
Wielospecjalistyczny Szpital TOMMED,50.2101765,18.9771098
Centrum Medyczne Giszowiec,50.2228719,19.0674369
Centrum Medyczno-Farmaceutyczne „Przyjazna”,50.2231304,19.0700032
Śląska Izba Lekarska,50.2687121,19.0167372
Apteka DOBRUSIA,50.2277996,18.970589
Apteka Aqua-Vitae,50.2703618,19.0205458
NA,50.2760608,19.1405064
INTER-MED,50.2743699,19.0296752
Vita Farm III,50.2546443,19.0066451
NA,50.319015,19.138138
4 pory roku,50.3185057,19.1343783
Ekstaza,50.2643395,19.0003317
NA,50.3046523,18.9171271
Alfa-Med,50.3217914,19.0707417
Twój dentysta,50.3181673,19.0726985
Apteka Na Rogu,50.2753384,19.1163564
Apteka Akacja,50.2687,19.1228978
Apteka św. Kamila,50.2710694,19.121455
Z.L.S. Ceramic Dental,50.2692183,19.122937
NZLA MEDYCYNA RODZINNA,50.2688317,19.1234069
NZOZ Centrum Diagnostyki Laboratoryjnej Al-Med,50.2689853,19.1236136
NA,50.2679806,19.0615987
Promed Przychodnia Rejonowo-Specjalistyczna NZOZ nr 2,50.3211651,19.1544468
Ortop-Dent,50.3203902,19.1540306
NA,50.3201414,19.1559377
DENTAL-WIT,50.3213864,19.1292175
Loska i Loska,50.2237852,18.9687968
Dr. Max,50.2241513,18.9552296
Avimed,50.2674111,18.9916493
Salon Ortopedyczno-Medyczny,50.298613,18.9538106
Apteka pod bazyliką,50.2251846,18.9677549
Amadent,50.3087259,19.1348976
Centrum Opieki Środowiskowej Położniczo - Pielęgniarskiej MERIDAN,50.3205453,19.1162256
NZOZ Poradnia Okulistyczna,50.3221937,19.1341183
NZOZ Praktyka Lekarza Rodzinnego,50.3215482,19.1185926
Apteka,50.2233969,18.9719845
Stomatolog,50.2311806,18.9937145
Apteka Ligocka,50.2230421,18.9689647
NA,50.2258754,18.9756179
Apteka,50.3201112,19.1762015
Ziko,50.2525297,19.0199864
Świat zdrowia,50.2539829,19.0269455
Gabriela Mąka,50.2547952,19.0230175
Pro Familia,50.2052475,18.9863776
NA,50.2869472,19.1323854
Apteka Dbam o Zdrowie,50.3224125,19.1797039
NA,50.3154366,19.1676784
Apteka Ochojec,50.2110943,18.9847603
Apteka Główna,50.2760244,19.132044
Apteka Blisko Ciebie,50.2369024,19.1291524
Vitalis,50.2300784,18.9496376
Nowadent,50.2748705,18.9838792
Smart-Dent,50.1905075,18.9820839
Apteka całodobowa,50.2876752,18.9247958
ZOZ Epione,50.2783006,18.977406
Centrum Rehabilitacji i Medycyny Naturalnej,50.2420221,19.1354548
NUBAX - polska,50.2419605,19.1355471
Apteka,50.290367,18.9668269
Śląskie centrum dializ Nefromed,50.2248497,18.9581649
Magiczna,50.2773653,19.0083072
Rezonans,50.3019397,19.0197819
InviMed,50.2304307,18.9714544
Isofarm,50.2310738,18.9732457
Apteka książęca,50.2261855,18.969725
Centrum Medyczno Rehabilitacyjne,50.2356253,18.9774771
NA,50.2996523,18.9327454
NA,50.2783883,18.9774872
Pol-Sana-Med,50.3181959,19.0724908
Lykos,50.2108163,18.9739513
Apteka Główna,50.2590606,19.018408
Centrum Medyczne LUX MED,50.2639668,19.0196016
Słoneczna,50.275262,18.9837758
Centrum Medyczne Panewniki,50.2294021,18.9424026
Nova,50.2593738,18.9751836
Prywatna praktyka dentystyczna,50.2722259,18.936433
Apteka Pod kwiatami,50.2629059,19.0949811
Apteka Pod Wagą,50.272515,18.9297711
Apteka Przy Rondzie,50.2707131,18.9313086
Apteka,50.2738712,18.9396159
Apteka,50.2739364,18.9275867
Apteka Pod Lwem,50.2753921,18.9367057
Apteka Blisko Ciebie,50.3211919,19.130191
NZOZ Puls-Med,50.2770002,19.0667529
Dental Care,50.230989,18.9900313
NA,50.231207,18.9960445
Apteka,50.3200842,19.1299311
Specjalistyczne Gabinety Lekarskie,50.3181045,19.0732086
Apteka,50.3195279,19.1560617
Apteka,50.3216395,19.1570397
Medycyna Dąb,50.2758437,19.0009226
Citistom,50.27635,18.9770555
NZOZ Poradnia Ogólna IRYS-MED,50.2934056,18.9468175
NZOZ Centrum Medyczne,50.2939563,18.9496316
Apteka Dr.Max,50.2561536,19.0219364
Zespół Poradni Specjalistycznych nr 2,50.3051227,18.913139
NA,50.2424963,19.1377734
Dentico,50.2473544,19.1311897
ZOZ EPIONE,50.2275301,18.9703611
Klinika Chirurgii Mazan,50.2759885,19.0312199
Apteka Dbam o zdrowie,50.2561384,19.024338
Dental-Service,50.2544337,19.0364989
Słoneczna,50.2924491,18.9162806
NA,50.2732718,19.1250251
Apteka Blisko Ciebie,50.2720288,19.1285418
NA,50.2685313,19.1309411
Apteka Centrum,50.2736829,19.132137
Apteka Blisko Centrum,50.2780407,19.1278477
Apteka na Al. Zwycięstwa,50.2789792,19.1302519
Apteka im. Ignacego Łukasiewicza,50.277567,19.1310258
Apteka Pod Ratuszem,50.2785531,19.1343172
Apteka Pogońska,50.2867658,19.122776
Apteka Wawel,50.2775902,19.1471663
Apteka Świat Zdrowia,50.2772415,19.1535962
NA,50.2872591,19.1217853
Centrum leczenia chorób żył i tęrnic,50.2564856,19.020055
NZOZ REVITAL System Medyczny,50.1836977,18.9982638
Apteka NOWA Św. BARBARY,50.2551246,18.9044459
Apteka „FARMAKON”,50.2671444,18.8989112
Apteka „Parentibus Meis”,50.2669478,18.8956014
Apteka „Na Wita Stwosza”,50.2729546,18.8955645
Apteka Europejska,50.2713187,19.0056983
STOMA s.c.,50.2957537,18.9552297
Apteka Główna,50.2948216,18.9494729
Apteka Zdrowit,50.2598639,19.0146666
Apteka na Dworcu,50.2581852,19.016541
Konopna Farmacja,50.2599472,19.0155333
Niezapominajka,50.2972236,18.9514047
Super-Pharm,50.2589055,19.0165733
Zetto Apteka,50.2951443,18.9493915
Ziko Apteka,50.2596161,19.0199621
Apteka książęca,50.2311563,18.9521356
Lux Med,50.2457194,19.035529
dermatolog kardiolog,50.2803469,19.1334414
nzoz dental serwis,50.2787054,19.1312957
Luxmed,50.2855819,19.0148638
apteka ,50.2481981,19.0320877
Pracownia Stomatologiczna Dagmara Kubiak,50.1882947,19.1008523
NA,50.2482151,19.0320434
Halovita grota solna,50.3048286,19.0954592
Vita,50.2906324,18.9233969
Górnośląski Ośrodek Kardiologii,50.2117902,19.0008886
Specjalistyczny Szpital Wieloprofilowy,50.2108482,18.9983175
NA,50.3056568,19.0260708
Dilmed S.C.,50.2609043,19.0526861
Ziko,50.2590181,19.0537289
Dentomed Stomatologia i Lekarze Specjaliści,50.3197707,19.0083232
NA,50.2624142,19.0567994
Apteka Bracka,50.2790172,19.0089333
NZOZ Agmed,50.2679789,19.0212547
Centrum Stomatologii Help,50.2706454,19.0206183
Centrum Stomatologii NEOMED,50.2678535,19.0218392
Premium-Lek,50.2708637,19.0226698
Prywatne Centrum Medyczne NZOZ,50.2788648,19.0090623
Przychodnia Bracka przy GIG,50.2718832,19.0252898
NA,50.2119198,18.9980585
Duda Clinic,50.1990266,19.0535283
NA,50.2119141,19.0013504
Melisa Pharm,50.253993,19.0330939
Apteka,50.2987758,19.0029748
Euro Apteka,50.3013286,18.9998872
Lekarz Alicja Dreksler-Tkacz,50.2754804,19.0226749
Akademia Zdrowia centrum rehabilitacji,50.2772037,19.0161154
Ginekolog lek. med. Danuta Bełkowska-Śliż,50.2791519,19.0156738
Neurolog lek. med. Anna Maria Janda,50.2791526,19.0157164
Magiczna,50.2970716,18.9356408
Apteka Dbam o Zdrowie,50.3213907,19.134134
Apteka Słoneczna,50.3198671,19.1345948
NA,50.3216137,19.1316041
Apteka,50.2728667,18.9986227
NA,50.3204939,19.1744665
PERSEVERE,50.2363755,18.9932498
NA,50.3040567,19.005351
Medica Dental,50.2817486,18.9595971
Twoje Zdrowie - Chirurgia Krótkoterminowa,50.2423852,18.9921781
Dr. Max,50.2423225,18.992459
PAULINKA NIZIŃSKA,50.2641911,18.9743754
Dr. Max,50.320918,19.0699841
Poliklinika Doktora Bessera. NZOZ,50.2963691,19.1327168
Okulista dr hab. n. med. Erita Filipek,50.283855,19.0131544
Balance Usługi Psychologiczne,50.2705854,19.0211319
Izba Przyjęć,50.2109411,18.998785
Przychodnie Specjalistyczne,50.2110768,18.9975883
NA,50.2921348,18.9157514
Euro apteka,50.3047786,18.917184
Rewadent,50.2860371,19.0144948
Kardiolog dr n. med. Daniel Jakubowski,50.2755778,18.9820792
Stomatolog lek. dent. Marek Kowalczewski,50.2755651,18.9821291
NA,50.2761683,19.0093294
Apteka Nova,50.2754636,19.1138159
Osiedlowe Centrum Stomatologii,50.281926,19.0149675
Apteka Centrum,50.2831717,19.0147067
NZOZ Orto-Medic,50.2755823,19.0047292
NZOZ Medina,50.2769806,19.0106301
Imperium Słońca,50.297776,19.0085057
Psychoterapeuta mgr Janina Ceglarek,50.255875,19.0285293
Ortopeda dr S. Maj,50.2558815,19.0284309
Psycholog dr n. hum. Aleksandra Szczepaniak,50.2558513,19.0285742
Gabinet psychoterapii Agnieszka Bojko,50.2558688,19.0286173
Psychiatra lek. med. Anna Lubońska-Dobrzańska,50.2559051,19.0284791
Gimnastyka korekcyjna lecznicza mgr J. Gumińska,50.2558996,19.0285649
studio optyczne 44,50.2573976,19.0255594
AktivMed,50.2576501,19.0253074
Stomatolog dr n. med. Jadwiga Dyduch,50.2820273,18.964757
Stomatologia dr Michał Knast,50.2770106,19.0308956
NA,50.1754975,18.9062715
NA,50.17554,18.9056196
NA,50.1755382,18.9059991
NA,50.173414,18.90632
NA,50.173418,18.9062131
NA,50.1734398,18.9063051
NA,50.1734408,18.9064326
NA,50.1734663,18.9064178
NA,50.1734898,18.9065164
NA,50.1735621,18.9061296
NA,50.1735866,18.9063286
NA,50.1736067,18.9063169
NA,50.1736141,18.9064443
NA,50.1740858,18.905676
NA,50.1740875,18.9055412
NA,50.1744363,18.9052232
NA,50.1744552,18.9052744
NA,50.1747608,18.9049105
NA,50.1747677,18.9049913
NA,50.174823,18.905897
NA,50.1749818,18.9057272
NA,50.1752683,18.9059159
NA,50.1752942,18.9060884
NA,50.1754185,18.9044037
NA,50.1754789,18.9049644
NA,50.1744116,18.9055811
NA,50.1744157,18.9053906
NA,50.1744579,18.905715
NA,50.1744665,18.9055344
NA,50.1745047,18.9053129
NA,50.1745062,18.9053129
NA,50.1745167,18.9052746
NA,50.1745183,18.9053019
NA,50.1745564,18.9054521
NA,50.1745676,18.9052639
NA,50.174574,18.9052844
NA,50.1745745,18.9054362
NA,50.1745888,18.9057407
NA,50.1746069,18.9057647
NA,50.174608,18.9057533
NA,50.1746131,18.9055859
NA,50.1746138,18.9057491
NA,50.174614,18.9057428
NA,50.1746232,18.9055756
NA,50.1746234,18.9056731
NA,50.1746322,18.9054564
NA,50.1746331,18.9054583
NA,50.1746452,18.9054489
NA,50.1746459,18.9054479
NA,50.1746483,18.9057743
NA,50.1746675,18.9057718
NA,50.1746721,18.9055257
NA,50.1746875,18.9057651
NA,50.1747012,18.9054004
NA,50.174704,18.9057555
NA,50.1747083,18.9054167
NA,50.1747163,18.9054128
NA,50.1747174,18.9054125
NA,50.1747259,18.9057376
NA,50.1747312,18.9051312
NA,50.1747313,18.9051251
NA,50.1747351,18.9051444
NA,50.1747362,18.9051419
NA,50.1747437,18.9051135
NA,50.1747526,18.9053553
NA,50.1747532,18.9053541
NA,50.174755,18.9057027
NA,50.1747594,18.9053772
NA,50.1747635,18.9057164
NA,50.1747673,18.9053422
NA,50.1747684,18.9053444
NA,50.1747889,18.9050736
NA,50.1747925,18.9050836
NA,50.174799,18.9054337
NA,50.1747991,18.9054353
NA,50.1747997,18.9053176
NA,50.174801,18.9053183
NA,50.1748099,18.9054905
NA,50.1748185,18.9053676
NA,50.1748435,18.9056967
NA,50.1748459,18.9056967
NA,50.1748494,18.9057181
NA,50.1748636,18.9052779
NA,50.1748709,18.905268
NA,50.1748765,18.9053202
NA,50.1748812,18.9056872
NA,50.1748855,18.9057097
NA,50.1748905,18.9052481
NA,50.1749015,18.9052407
NA,50.1749034,18.9052904
NA,50.1749291,18.9056335
NA,50.1749323,18.9056756
NA,50.1749333,18.905265
NA,50.1749445,18.9053851
NA,50.1749509,18.9054592
NA,50.1749523,18.9054647
NA,50.174954,18.9054648
NA,50.174968,18.9053651
NA,50.174984,18.905458
NA,50.1749994,18.9056166
NA,50.1750245,18.9048743
NA,50.1750587,18.904972
NA,50.1750904,18.9050772
NA,50.1750921,18.9050719
NA,50.1755135,18.9049641
NA,50.1755141,18.9052341
NA,50.2099218,18.9777213
NA,50.2097278,18.9766686
NA,50.2098819,18.9777384
NA,50.2103242,18.9775662
NA,50.2097511,18.9768192
NA,50.2097682,18.9769391
NA,50.2098703,18.9776568
NA,50.2105285,18.977016
NA,50.2104457,18.9764376
NA,50.210586,18.9774818
NA,50.2232295,18.9496925
NA,50.2233721,18.9496565
NA,50.2229394,18.950582
NA,50.2229706,18.9504898
NA,50.2231181,18.9519298
NA,50.2231968,18.949698
NA,50.2232165,18.9503873
NA,50.223287,18.9503745
NA,50.2234952,18.9518119
NA,50.2235099,18.9518734
NA,50.2240292,18.9509118
NA,50.2240431,18.9510311
NA,50.2235649,18.9529935
NA,50.2238427,18.9495033
NA,50.2238509,18.949552
NA,50.2238808,18.952676
NA,50.2241362,18.951671
NA,50.2234706,18.9557806
NA,50.2234393,18.9535234
NA,50.2235053,18.9535083
NA,50.2232457,18.9538724
NA,50.2233811,18.9539004
NA,50.2233939,18.9535199
NA,50.2234286,18.9537699
NA,50.2236821,18.9557634
NA,50.2238378,18.955701
NA,50.2239378,18.9556686
NA,50.2239447,18.95572
NA,50.2240726,18.9556322
NA,50.2240813,18.9556871
NA,50.2241607,18.9555983
NA,50.2241694,18.9556532
NA,50.2241984,18.9545436
NA,50.2242081,18.9546404
NA,50.2262794,18.9591917
NA,50.2264532,18.958664
NA,50.2267681,18.9589589
NA,50.2235376,18.9530706
NA,50.2235921,18.953451
NA,50.2237607,18.9557261
NA,50.2240977,18.9543431
NA,50.2241536,18.9543338
NA,50.224189,18.9546975
NA,50.2242134,18.9546885
NA,50.2242934,18.9556071
NA,50.2262411,18.9591561
NA,50.2264349,18.9586473
NA,50.2268258,18.9590111
NA,50.226981,18.9591556
NA,50.2270207,18.9592526
NA,50.2270376,18.9592083
NA,50.2270651,18.9592939
NA,50.2270946,18.9593214
NA,50.2265518,18.9550133
NA,50.2265558,18.9551038
NA,50.2265558,18.9551063
NA,50.2265558,18.9551087
NA,50.2265559,18.9550989
NA,50.2265559,18.9551014
NA,50.2265559,18.9551111
NA,50.2265559,18.9551136
NA,50.226556,18.955116
NA,50.2265561,18.9550965
NA,50.2265561,18.9551184
NA,50.2265562,18.9550941
NA,50.2265563,18.9550917
NA,50.2265563,18.9551209
NA,50.2265564,18.9551233
NA,50.2265565,18.9550892
NA,50.2265566,18.9551257
NA,50.2265567,18.9550868
NA,50.2265569,18.9551281
NA,50.226557,18.9550844
NA,50.2265571,18.9551305
NA,50.2265572,18.955082
NA,50.2265574,18.9551329
NA,50.2265575,18.9550796
NA,50.2265577,18.9551353
NA,50.2265578,18.9550772
NA,50.226558,18.9551377
NA,50.2265582,18.9550748
NA,50.2265584,18.9551401
NA,50.2265586,18.9550725
NA,50.2265588,18.9551424
NA,50.2265589,18.9550704
NA,50.2265592,18.9551448
NA,50.2265596,18.9551471
NA,50.2265601,18.9551494
NA,50.2265606,18.9551518
NA,50.2265611,18.9551541
NA,50.2265616,18.9551563
NA,50.2265622,18.9551586
NA,50.2265628,18.9551609
NA,50.2265634,18.9551631
NA,50.2265641,18.9551653
NA,50.2265647,18.9551675
NA,50.2265654,18.9551697
NA,50.2265661,18.9551719
NA,50.2265669,18.955174
NA,50.2265676,18.9551762
NA,50.2265684,18.9551783
NA,50.2265692,18.9551803
NA,50.2265701,18.9551824
NA,50.2265709,18.9551845
NA,50.2265718,18.9551865
NA,50.2265727,18.9551885
NA,50.2265737,18.9551906
NA,50.2265812,18.9552508
NA,50.2266237,18.9552387
NA,50.2266251,18.9552395
NA,50.2266265,18.9552402
NA,50.226628,18.9552408
NA,50.2266294,18.9552414
NA,50.2266308,18.955242
NA,50.2266323,18.9552425
NA,50.2266337,18.955243
NA,50.2266352,18.9552435
NA,50.2266366,18.9552439
NA,50.2266381,18.9552443
NA,50.2266395,18.9552446
NA,50.226641,18.9552449
NA,50.2266425,18.9552452
NA,50.226644,18.9552454
NA,50.2266454,18.9552456
NA,50.2266469,18.9552457
NA,50.2266484,18.9552458
NA,50.2266499,18.9552459
NA,50.2266514,18.9552459
NA,50.2266528,18.9552459
NA,50.2266543,18.9552458
NA,50.2266558,18.9552457
NA,50.2266573,18.9552456
NA,50.2266588,18.9552454
NA,50.2266602,18.9552452
NA,50.2266617,18.9552449
NA,50.2266632,18.9552446
NA,50.2266646,18.9552443
NA,50.2266661,18.9552439
NA,50.2266675,18.9552434
NA,50.226669,18.955243
NA,50.2266705,18.9552425
NA,50.2266719,18.955242
NA,50.2266733,18.9552414
NA,50.2266747,18.9552408
NA,50.2266762,18.9552401
NA,50.2266776,18.9552394
NA,50.226679,18.9552387
NA,50.2266804,18.9552379
NA,50.2266818,18.9552371
NA,50.2266832,18.9552362
NA,50.2266845,18.9552353
NA,50.2266859,18.9552344
NA,50.2266872,18.9552335
NA,50.2266886,18.9552325
NA,50.2266899,18.9552314
NA,50.2266912,18.9552304
NA,50.2266925,18.9552293
NA,50.2266938,18.9552281
NA,50.2266951,18.955227
NA,50.2266963,18.9552257
NA,50.2266976,18.9552245
NA,50.2266988,18.9552232
NA,50.2267,18.9552219
NA,50.2267012,18.9552206
NA,50.2267024,18.9552192
NA,50.2267036,18.9552178
NA,50.2267048,18.9552163
NA,50.226706,18.9552148
NA,50.2267302,18.9549584
NA,50.2267359,18.9550007
NA,50.2267368,18.9550027
NA,50.226738,18.9550054
NA,50.2267392,18.955008
NA,50.2267403,18.9550107
NA,50.2267414,18.9550134
NA,50.2267425,18.9550162
NA,50.2267435,18.955019
NA,50.2267445,18.9550218
NA,50.2267455,18.9550246
NA,50.2267465,18.9550275
NA,50.2267474,18.9550304
NA,50.2267482,18.9550333
NA,50.2267491,18.9550362
NA,50.2267499,18.9550392
NA,50.2267507,18.9550422
NA,50.2267514,18.9550452
NA,50.2267522,18.9550482
NA,50.2267528,18.9550513
NA,50.2267535,18.9550543
NA,50.2267541,18.9550574
NA,50.2267547,18.9550605
NA,50.2267552,18.9550636
NA,50.2267555,18.955156
NA,50.2267557,18.9550667
NA,50.2267559,18.9551529
NA,50.2267562,18.9550698
NA,50.2267564,18.9551498
NA,50.2267566,18.955073
NA,50.2267568,18.9551466
NA,50.226757,18.9550762
NA,50.2267572,18.9551435
NA,50.2267574,18.9550793
NA,50.2267576,18.9551403
NA,50.2267577,18.9550825
NA,50.2267579,18.9551371
NA,50.226758,18.9550857
NA,50.2267582,18.9551339
NA,50.2267583,18.9550889
NA,50.2267584,18.9551307
NA,50.2267585,18.9550921
NA,50.2267586,18.9551275
NA,50.2267587,18.9550953
NA,50.2267588,18.9551243
NA,50.2267589,18.9550985
NA,50.2267589,18.9551211
NA,50.226759,18.9551017
NA,50.226759,18.9551179
NA,50.2267591,18.955105
NA,50.2267591,18.9551082
NA,50.2267591,18.9551114
NA,50.2267591,18.9551146
NA,50.2267607,18.9551934
NA,50.2271347,18.9537291
NA,50.2271355,18.9537367
NA,50.2271372,18.9537433
NA,50.22714,18.9537486
NA,50.2271446,18.953753
NA,50.2271457,18.9535013
NA,50.2271486,18.9537539
NA,50.2271529,18.9537545
NA,50.2271536,18.9537429
NA,50.2271684,18.9537558
NA,50.2271687,18.9537469
NA,50.2271718,18.9537562
NA,50.2271721,18.9537478
NA,50.2271819,18.9537508
NA,50.227182,18.9537564
NA,50.2271877,18.9537563
NA,50.2272013,18.9535161
NA,50.2272016,18.9535086
NA,50.2272383,18.9537696
NA,50.2272413,18.9537704
NA,50.2272658,18.9535259
NA,50.2272674,18.9535123
NA,50.227283,18.9537814
NA,50.2272947,18.9536784
NA,50.2272987,18.9536452
NA,50.2273116,18.9536554
NA,50.2273122,18.9536485
NA,50.2273132,18.9535944
NA,50.2273154,18.9536564
NA,50.2273173,18.9535529
NA,50.2273199,18.9535266
NA,50.227322,18.9535968
NA,50.2269176,18.9597858
NA,50.2269308,18.9597513
NA,50.2058792,18.9904291
NA,50.2062274,18.9902888
NA,50.206232,18.9903938
NA,50.2058505,18.9898269
NA,50.2058566,18.989973
NA,50.2058578,18.9898067
NA,50.2058825,18.9897985
NA,50.2060783,18.9897346
NA,50.2061803,18.9897087
NA,50.2062022,18.9897302
NA,50.2062187,18.9900729
NA,50.2101345,18.9984209
NA,50.210259,18.9978513
NA,50.2103163,18.997585
NA,50.2103936,18.9973167
NA,50.2100403,18.9988073
NA,50.210273,18.9977864
NA,50.20985,19.004387
NA,50.2100704,18.9994956
NA,50.2099372,18.9995241
NA,50.2099482,18.9996067
NA,50.2100217,18.9994968
NA,50.2094867,19.0011789
NA,50.2097073,19.0034173
NA,50.2094442,19.0015244
NA,50.2097769,19.0000899
NA,50.2097887,18.9999996
NA,50.209885,18.9996254
NA,50.2100238,18.9995117
NA,50.2101393,18.9994737
NA,50.2098663,18.9996403
NA,50.2104569,18.9971916
NA,50.2108126,18.996991
NA,50.2113362,18.9967462
NA,50.2117369,18.9986649
NA,50.2121217,19.0004753
NA,50.212302,19.0013747
NA,50.2110633,19.0035705
NA,50.2110919,19.0040527
NA,50.211287,19.00293
NA,50.2121988,19.0025851
NA,50.212226,19.0014693
NA,50.2123261,19.002533
NA,50.2123658,19.0024344
NA,50.2123103,19.0014432
NA,50.2118502,18.9991998
NA,50.2120445,19.0000962
NA,50.2107427,19.0052412
NA,50.2110067,19.0051588
NA,50.2108598,19.0041584
NA,50.2110133,19.0031458
NA,50.2110276,19.0035853
NA,50.2112112,19.0030306
NA,50.2100069,19.0054722
NA,50.2262733,18.9896841
NA,50.2262826,18.98953
NA,50.2266576,18.9897499
NA,50.2266684,18.9895957
NA,50.2430472,19.0176132
NA,50.1966336,19.0392741
NA,50.1958716,19.039377
NA,50.1953932,19.0399899
NA,50.1964412,19.0424297
NA,50.1978764,19.0390448
NA,50.1977752,19.0390804
NA,50.1977473,19.0389301
NA,50.1979321,19.0417298
NA,50.1978739,19.0413471
NA,50.1981887,19.0412005
NA,50.1981822,19.0408857
NA,50.1981561,19.040635
NA,50.2669551,18.8992907
NA,50.2669559,18.8990256
NA,50.2669564,18.8988521
NA,50.267039,18.8988528
NA,50.267178,18.8992932
NA,50.2671782,18.8992496
NA,50.2671784,18.8992026
NA,50.2671784,18.8992105
NA,50.2671786,18.8991577
NA,50.2671786,18.8991631
NA,50.2671788,18.8991118
NA,50.2671788,18.8991238
NA,50.2671789,18.8990934
NA,50.267179,18.8990699
NA,50.2671792,18.89903
NA,50.2671796,18.8989445
NA,50.2671799,18.8989031
NA,50.2671801,18.898854
NA,50.2548403,18.9045033
NA,50.2548438,18.9043215
NA,50.2549337,18.9046426
NA,50.2549363,18.9045079
NA,50.254943,18.904386
NA,50.2549442,18.9043263
NA,50.2550413,18.9044961
NA,50.2550433,18.9043907
NA,50.255057,18.9046484
NA,50.2550599,18.9044969
NA,50.2549737,18.9043874
NA,50.2719393,18.8934024
NA,50.2719845,18.8936701
NA,50.2720116,18.8932702
NA,50.2720276,18.8933656
NA,50.2720541,18.8935292
NA,50.2720949,18.8935124
NA,50.2721127,18.8936171
NA,50.2721763,18.8932022
NA,50.2722206,18.8934607
NA,50.2723374,18.8931356
NA,50.2723811,18.8933948
NA,50.2724535,18.8951193
NA,50.2724536,18.8951397
NA,50.2724538,18.8950096
NA,50.2724545,18.8952365
NA,50.2725392,18.8950076
NA,50.2726489,18.895007
NA,50.2726506,18.8952309
NA,50.2726729,18.8950047
NA,50.272673,18.895012
NA,50.2726731,18.8950193
NA,50.2726731,18.8950319
NA,50.2726732,18.8950271
NA,50.2726754,18.8951958
NA,50.2726759,18.8952301
NA,50.2731464,18.8998889
NA,50.2731501,18.899893
NA,50.2731757,18.8998181
NA,50.2731791,18.8998217
NA,50.273224,18.8999694
NA,50.2732278,18.8999732
NA,50.2732557,18.9000024
NA,50.273276,18.8998694
NA,50.2733003,18.8998103
NA,50.2733011,18.8998966
NA,50.2733023,18.8998055
NA,50.2733048,18.8997994
NA,50.2733072,18.8997934
NA,50.27331,18.8997866
NA,50.2733127,18.8997802
NA,50.2733149,18.8997748
NA,50.2733173,18.899769
NA,50.2733196,18.8997635
NA,50.2733263,18.899747
NA,50.2733467,18.8994084
NA,50.2733482,18.8996939
NA,50.2733491,18.8994107
NA,50.2733533,18.8993928
NA,50.2734135,18.8995352
NA,50.2734368,18.8994792
NA,50.2482042,18.9281434
NA,50.2482087,18.9279602
NA,50.2482097,18.9279026
NA,50.2482497,18.9279968
NA,50.248251,18.9279037
NA,50.2483192,18.9278178
NA,50.2483208,18.927587
NA,50.2484814,18.9280061
NA,50.2484836,18.9279131
NA,50.2484881,18.9278246
NA,50.2485079,18.927914
NA,50.248508,18.9279078
NA,50.2485092,18.9278254
NA,50.2485436,18.9279154
NA,50.2485449,18.9278268
NA,50.2485766,18.9279766
NA,50.2485776,18.9279166
NA,50.2485983,18.9278286
NA,50.2485999,18.9280095
NA,50.2486008,18.9279774
NA,50.2486581,18.9278307
NA,50.2486604,18.9275987
NA,50.2487051,18.9281626
NA,50.248706,18.9281321
NA,50.248708,18.9280655
NA,50.2487093,18.928014
NA,50.2682782,18.9346021
NA,50.2683282,18.9340765
NA,50.2683293,18.9346581
NA,50.2683334,18.9346149
NA,50.2683603,18.9346653
NA,50.2683651,18.9346147
NA,50.2684184,18.9346271
NA,50.2684677,18.9341089
NA,50.2593421,18.9706592
NA,50.2593479,18.9710176
NA,50.2593609,18.9708377
NA,50.2593676,18.9712007
NA,50.2593776,18.9710109
NA,50.2593981,18.9711927
NA,50.2596489,18.9705795
NA,50.2596691,18.970761
NA,50.259686,18.9709303
NA,50.2597055,18.9711114
NA,50.2606365,18.9762147
NA,50.2607766,18.9763338
NA,50.2607862,18.9763108
NA,50.2607948,18.9763081
NA,50.2608043,18.9763176
NA,50.2608804,18.9763785
NA,50.2609029,18.9754218
NA,50.2609047,18.9763974
NA,50.260915,18.9764069
NA,50.2609315,18.9764137
NA,50.2609471,18.9764123
NA,50.2609618,18.9764069
NA,50.2609747,18.9763906
NA,50.2609894,18.9763609
NA,50.2610422,18.9750104
NA,50.2611728,18.9758129
NA,50.2612611,18.9750822
NA,50.2612792,18.9750998
NA,50.2613,18.9751268
NA,50.2613182,18.9751606
NA,50.2613182,18.975365
NA,50.2613268,18.9753298
NA,50.2613294,18.9751999
NA,50.2613329,18.9752905
NA,50.2613337,18.9752432
NA,50.2606722,18.9761083
NA,50.26082,18.9763302
NA,50.260858,18.9763606
NA,50.2608852,18.9754744
NA,50.2611666,18.9758313
NA,50.2738727,18.9274352
NA,50.2739084,18.9271691
NA,50.2739315,18.9274545
NA,50.2740237,18.9274848
NA,50.2740594,18.9272187
NA,50.2735038,18.9397854
NA,50.2735559,18.9393923
NA,50.2736137,18.9398211
NA,50.2736247,18.9394946
NA,50.2736349,18.9394179
NA,50.2736415,18.9396112
NA,50.2737319,18.9397311
NA,50.2737423,18.939644
NA,50.2737519,18.9395359
NA,50.2737589,18.9394832
NA,50.2738111,18.9397569
NA,50.2738196,18.9396862
NA,50.2738485,18.9395797
NA,50.2738571,18.939515
NA,50.2739219,18.9397195
NA,50.2739707,18.9397351
NA,50.2739852,18.939624
NA,50.2737034,18.9399451
NA,50.2737826,18.9399709
NA,50.2756575,18.9423813
NA,50.2756592,18.9421688
NA,50.2757003,18.9427623
NA,50.2757501,18.9426224
NA,50.2757501,18.9427374
NA,50.2757508,18.9424609
NA,50.2757509,18.9425426
NA,50.2757516,18.942355
NA,50.2757532,18.9421707
NA,50.2756559,18.9425724
NA,50.2756993,18.9425602
NA,50.2796602,18.9508812
NA,50.2796613,18.9510905
NA,50.2800426,18.9510392
NA,50.2800421,18.9510872
NA,50.2800764,18.9508714
NA,50.2800785,18.9510408
NA,50.279886,18.951088
NA,50.2798655,18.9508764
NA,50.2905752,18.9432036
NA,50.2909174,18.9438242
NA,50.2910064,18.9435572
NA,50.2917623,18.9448272
NA,50.2918516,18.9445883
NA,50.2921758,18.9446348
NA,50.2905937,18.9431422
NA,50.2910086,18.9441015
NA,50.2910523,18.9439605
NA,50.291346,18.9411713
NA,50.2915686,18.9406746
NA,50.2915546,18.944615
NA,50.2916943,18.9406314
NA,50.292028,18.9448099
NA,50.2922978,18.9445394
NA,50.2923036,18.944274
NA,50.2924335,18.9441627
NA,50.292523,18.9441322
NA,50.292554,18.9441171
NA,50.2926605,18.9440839
NA,50.292688,18.9441143
NA,50.2927244,18.9443875
NA,50.292806,18.942519
NA,50.2929597,18.9420106
NA,50.2931795,18.9435852
NA,50.29331,18.9429252
NA,50.2915995,18.9406385
NA,50.2928365,18.9441918
NA,50.2907162,18.9524393
NA,50.2907204,18.9523232
NA,50.2913624,18.9519948
NA,50.292073,18.951581
NA,50.2923191,18.9511782
NA,50.2928828,18.9520671
NA,50.2931107,18.9502311
NA,50.2931155,18.9498861
NA,50.2931904,18.9500144
NA,50.2932547,18.949697
NA,50.2933457,18.950531
NA,50.2935866,18.9500014
NA,50.291534,18.9530624
NA,50.2916116,18.9531292
NA,50.2922058,18.9536434
NA,50.2924324,18.9535011
NA,50.2902643,18.9621651
NA,50.2903237,18.9624323
NA,50.2904234,18.9620786
NA,50.2904827,18.9623458
NA,50.2829574,18.9708736
NA,50.2834185,18.9700673
NA,50.2835432,18.9718098
NA,50.2837195,18.9700257
NA,50.2838437,18.970557
NA,50.2838742,18.9707765
NA,50.2839681,18.9709738
NA,50.2840067,18.971057
NA,50.2837161,18.9699884
NA,50.283751,18.97006
NA,50.2837805,18.9701338
NA,50.2829781,18.9708373
NA,50.2838402,18.9705327
NA,50.2838506,18.9706067
NA,50.2839485,18.9709326
NA,50.2839539,18.970944
NA,50.2839844,18.971009
NA,50.2838643,18.9712882
NA,50.2838602,18.971295
NA,50.2838684,18.9712816
NA,50.2837381,18.9700239
NA,50.283849,18.9705949
NA,50.3013054,18.9127852
NA,50.3013102,18.9124902
NA,50.30141,18.9127894
NA,50.3014129,18.9126114
NA,50.3014172,18.9124945
NA,50.30142,18.9123274
NA,50.3015625,18.9126174
NA,50.3015671,18.9123333
NA,50.305934,18.9149545
NA,50.3065198,18.9170955
NA,50.3056336,18.9167516
NA,50.3068174,18.9153142
NA,50.3066999,18.9160179
NA,50.296248,18.9487214
NA,50.2962725,18.9482177
NA,50.2963313,18.9488357
NA,50.2963698,18.9485029
NA,50.2965955,18.947664
NA,50.2966594,18.9492803
NA,50.2966411,18.9476148
NA,50.2967146,18.9492405
NA,50.2969925,18.9492205
NA,50.2973245,18.9486471
NA,50.2970019,18.9493767
NA,50.3054961,18.9429012
NA,50.3056193,18.9437111
NA,50.3057769,18.94367
NA,50.3059592,18.9436006
NA,50.30602,18.943616
NA,50.3063977,18.9432303
NA,50.3064092,18.94349
NA,50.3064436,18.9426775
NA,50.3081777,18.9445427
NA,50.3084116,18.945689
NA,50.3084377,18.9444168
NA,50.3085287,18.9448892
NA,50.3087264,18.9449087
NA,50.3087422,18.9449982
NA,50.3088534,18.9455716
NA,50.2557148,19.0035999
NA,50.2558209,19.0035921
NA,50.2546866,19.0037288
NA,50.2547333,19.0049573
NA,50.2558705,19.0038172
NA,50.2560005,19.004991
NA,50.2560427,19.0049452
NA,50.2561061,19.004897
NA,50.2452523,19.0119544
NA,50.2437801,19.0145786
NA,50.2436611,19.0180353
NA,50.243989,19.0145776
NA,50.2440421,19.0183018
NA,50.2446669,19.0149146
NA,50.245425,19.0182217
NA,50.2456598,19.0160883
NA,50.2460109,19.0169869
NA,50.2457764,19.018341
NA,50.2457309,19.0161889
NA,50.2451727,19.0125235
NA,50.2457815,19.013216
NA,50.2459947,19.0126337
NA,50.2435697,19.0147753
NA,50.2436538,19.0145431
NA,50.2436753,19.0145496
NA,50.2437995,19.0181288
NA,50.2444598,19.0184992
NA,50.244674,19.014923
NA,50.2448161,19.0150922
NA,50.2448899,19.0157298
NA,50.2449361,19.0157371
NA,50.2451201,19.0158207
NA,50.2456394,19.0167465
NA,50.2457689,19.0183838
NA,50.2458458,19.0168397
NA,50.2459985,19.0169057
NA,50.2436169,19.0145257
NA,50.2451251,19.0123728
NA,50.2451319,19.0122954
NA,50.2451319,19.0124358
NA,50.2451453,19.0124804
NA,50.2454046,19.0127166
NA,50.2455238,19.0128439
NA,50.2547984,19.0067098
NA,50.2548264,19.0074392
NA,50.2552119,19.0068778
NA,50.2552289,19.0074072
NA,50.2552177,19.0066893
NA,50.2552863,19.0061106
NA,50.2559087,19.0063099
NA,50.2560263,19.007199
NA,50.2560851,19.00713
NA,50.2547559,19.0055959
NA,50.2547615,19.0057098
NA,50.2548983,19.0057651
NA,50.2558654,19.0061079
NA,50.2538932,19.0067318
NA,50.2539209,19.0069143
NA,50.2552182,19.0070748
NA,50.2536658,19.005582
NA,50.2540331,19.0059368
NA,50.2540422,19.0060096
NA,50.2540677,19.0063302
NA,50.2540792,19.0064901
NA,50.2530152,19.005832
NA,50.2531025,19.0066283
NA,50.2536368,19.0055986
NA,50.2536789,19.0064185
NA,50.2537584,19.0069681
NA,50.2538825,19.0066206
NA,50.2539633,19.005469
NA,50.2540817,19.0065627
NA,50.2500498,19.0119812
NA,50.2501344,19.0098236
NA,50.2501375,19.0096569
NA,50.2501383,19.0096093
NA,50.2502358,19.009828
NA,50.250237,19.0097587
NA,50.2503469,19.0098328
NA,50.2503482,19.0097635
NA,50.2503761,19.0098341
NA,50.2509719,19.00986
NA,50.2509732,19.009797
NA,50.2510461,19.0098015
NA,50.2511499,19.0098073
NA,50.2511824,19.009656
NA,50.2517339,19.00624
NA,50.2517463,19.006298
NA,50.251754,19.006308
NA,50.2517606,19.0063171
NA,50.2517667,19.0063226
NA,50.251776,19.0063241
NA,50.2517807,19.005977
NA,50.2517828,19.0063239
NA,50.2517903,19.0063204
NA,50.2517942,19.0060362
NA,50.2517959,19.0063142
NA,50.2518007,19.0063056
NA,50.251802,19.0060319
NA,50.2518046,19.006296
NA,50.2518055,19.0060855
NA,50.251813,19.006082
NA,50.2518181,19.0062893
NA,50.2518198,19.0062968
NA,50.2518234,19.0062948
NA,50.251827,19.0062929
NA,50.2518288,19.0061893
NA,50.2518474,19.0062676
NA,50.2518494,19.0062811
NA,50.2518506,19.0062433
NA,50.2518552,19.0062637
NA,50.2518683,19.0059338
NA,50.2518803,19.0059874
NA,50.2518994,19.0061597
NA,50.2519076,19.0061099
NA,50.2519107,19.0062107
NA,50.2519169,19.0061513
NA,50.2499563,19.0119954
NA,50.2499682,19.0121861
NA,50.250015,19.0121527
NA,50.2500152,19.0121802
NA,50.2500601,19.0121459
NA,50.2451343,19.0189358
NA,50.2445545,19.0186408
NA,50.2446791,19.0187312
NA,50.244925,19.0188417
NA,50.2449887,19.0188704
NA,50.2452023,19.0189692
NA,50.2452328,19.0189796
NA,50.2453501,19.0185819
NA,50.2534912,19.0300849
NA,50.2537369,19.0271821
NA,50.2545778,19.0303422
NA,50.2548138,19.0274272
NA,50.2537859,19.0271925
NA,50.2538082,19.0271973
NA,50.2538292,19.0272018
NA,50.2543417,19.027311
NA,50.254398,19.0273248
NA,50.2544604,19.0303682
NA,50.2544674,19.0303055
NA,50.2546904,19.0289693
NA,50.260917,19.0197255
NA,50.2609584,19.0196272
NA,50.2609683,19.0197748
NA,50.2609715,19.0197695
NA,50.2610072,19.0195523
NA,50.2610456,19.0199346
NA,50.2610705,19.0198773
NA,50.2611421,19.0200355
NA,50.2611468,19.0196917
NA,50.2611569,19.0196679
NA,50.2612554,19.0197728
NA,50.2609198,19.0197282
NA,50.2609199,19.0197199
NA,50.2609223,19.019723
NA,50.2861948,19.0113114
NA,50.2864363,19.0115967
NA,50.2864704,19.0116512
NA,50.2865682,19.0119179
NA,50.2856717,19.0125348
NA,50.2859199,19.0120083
NA,50.2859465,19.0134972
NA,50.2861829,19.0131157
NA,50.2862325,19.0132873
NA,50.2862785,19.0122089
NA,50.2863133,19.0126066
NA,50.2863918,19.0125452
NA,50.2864385,19.012929
NA,50.2575648,19.0335066
NA,50.2576858,19.0335422
NA,50.2580956,19.0336571
NA,50.2581858,19.0336886
NA,50.2583311,19.0337256
NA,50.2583876,19.033734
NA,50.2584848,19.0337455
NA,50.25859,19.033762
NA,50.2586526,19.033772
NA,50.2587326,19.0337848
NA,50.2587758,19.033796
NA,50.2588229,19.0338029
NA,50.2588894,19.0338123
NA,50.2591044,19.0338434
NA,50.2592572,19.033865
NA,50.2593937,19.0338859
NA,50.2595147,19.0339027
NA,50.2574591,19.0341887
NA,50.2575051,19.0338914
NA,50.2575565,19.0335614
NA,50.2575924,19.0342182
NA,50.2576191,19.0342256
NA,50.2577082,19.0342565
NA,50.2577346,19.0342627
NA,50.2578866,19.0342996
NA,50.2579481,19.0343144
NA,50.2579802,19.034322
NA,50.2580561,19.0343403
NA,50.2581068,19.0343499
NA,50.2586377,19.0344354
NA,50.2593257,19.0345037
NA,50.2593576,19.0345058
NA,50.2595735,19.0339129
NA,50.2595808,19.0344345
NA,50.2595808,19.0345153
NA,50.2576906,19.0335435
NA,50.2586169,19.0337663
NA,50.2577089,19.0342505
NA,50.2578866,19.0342991
NA,50.2580827,19.0343459
NA,50.2580887,19.0343469
NA,50.2587558,19.0344526
NA,50.2588103,19.034458
NA,50.2588228,19.0344592
NA,50.2588632,19.0344636
NA,50.2588712,19.0344643
NA,50.2589062,19.0344679
NA,50.2589438,19.034472
NA,50.2589796,19.0344757
NA,50.259017,19.0344796
NA,50.2590528,19.0344829
NA,50.2590911,19.0344859
NA,50.2591263,19.0344885
NA,50.2591611,19.0344914
NA,50.259196,19.034494
NA,50.2592306,19.0344967
NA,50.2592622,19.0344991
NA,50.259294,19.0345017
NA,50.2607115,19.0423419
NA,50.2607291,19.0428692
NA,50.2608271,19.0423319
NA,50.2608445,19.0428594
NA,50.2691119,19.0395081
NA,50.2691392,19.0392729
NA,50.2691824,19.0397246
NA,50.2692025,19.0397963
NA,50.2692945,19.0401241
NA,50.2681581,19.0395236
NA,50.2683591,19.0400055
NA,50.2686218,19.0408817
NA,50.2688928,19.0387029
NA,50.2685686,19.040705
NA,50.2688796,19.0406914
NA,50.2689602,19.040626
NA,50.2690759,19.0393593
NA,50.269301,19.040344
NA,50.2693074,19.0403606
NA,50.2693425,19.0403075
NA,50.2691217,19.0392325
NA,50.2691141,19.0392149
NA,50.2458262,19.0779832
NA,50.245595,19.0797667
NA,50.2468928,19.0801793
NA,50.2471282,19.0783959
NA,50.2469937,19.0794658
NA,50.2473598,19.0803407
NA,50.2474607,19.0796272
NA,50.2466209,19.0800929
NA,50.2471905,19.0795338
NA,50.2714563,19.0839169
NA,50.2715125,19.0837568
NA,50.2716035,19.0840419
NA,50.271656,19.0838829
NA,50.2716644,19.0838575
NA,50.2716829,19.0838729
NA,50.2717742,19.0839802
NA,50.2717821,19.0839582
NA,50.2902695,19.079048
NA,50.2903338,19.0788704
NA,50.2899949,19.0785695
NA,50.2899305,19.0787471
NA,50.2904852,19.0789632
NA,50.2902466,19.0799904
NA,50.2903637,19.0800185
NA,50.2902722,19.0795979
NA,50.2902927,19.0794191
NA,50.2902927,19.0796048
NA,50.2903103,19.0794259
NA,50.2903132,19.0790688
NA,50.2903447,19.0790799
NA,50.2903885,19.0789335
NA,50.2904011,19.079724
NA,50.2904187,19.0797172
NA,50.2904363,19.0793892
NA,50.2904524,19.0793892
NA,50.304024,19.0053434
NA,50.3042506,19.005329
NA,50.3040321,19.0056547
NA,50.3042586,19.0056403
NA,50.30525,19.0290086
NA,50.3046266,19.0291267
NA,50.3051656,19.0301164
NA,50.3045578,19.0288435
NA,50.3051211,19.0285062
NA,50.3044833,19.0301907
NA,50.3044548,19.0292241
NA,50.3044703,19.0293304
NA,50.3044903,19.0295545
NA,50.3045003,19.029783
NA,50.3049094,19.0302792
NA,50.3050711,19.0303128
NA,50.3050736,19.0302807
NA,50.3050871,19.0301023
NA,50.3047376,19.0318385
NA,50.3047391,19.0320106
NA,50.3048477,19.0318362
NA,50.3048492,19.0320083
NA,50.3057587,19.0709086
NA,50.3057592,19.0705695
NA,50.3058525,19.070909
NA,50.3058639,19.070909
NA,50.3058649,19.0705713
NA,50.3057585,19.0710638
NA,50.3058523,19.0710724
NA,50.3154644,19.0625997
NA,50.3155125,19.0626376
NA,50.3155664,19.0623125
NA,50.3156135,19.0623535
NA,50.3216108,19.0708975
NA,50.3217034,19.070487
NA,50.3107244,19.0770725
NA,50.3107332,19.0768947
NA,50.3108345,19.0770859
NA,50.3108434,19.076908
NA,50.3219651,19.0706362
NA,50.3218701,19.0710433
NA,50.2161426,19.1575789
NA,50.2161448,19.1574504
NA,50.2162141,19.1575818
NA,50.216216,19.1574662
NA,50.2162162,19.1574534
NA,50.2395353,19.1379251
NA,50.2395484,19.137303
NA,50.2395661,19.1380022
NA,50.2396885,19.1371749
NA,50.2397207,19.1377479
NA,50.2397486,19.1378451
NA,50.2397664,19.1378906
NA,50.2399332,19.1377411
NA,50.2469049,19.0886787
NA,50.2469146,19.0887012
NA,50.246917,19.0886969
NA,50.2469459,19.088748
NA,50.2469688,19.0887823
NA,50.2469988,19.088827
NA,50.2470019,19.0888223
NA,50.2470132,19.0888394
NA,50.2471566,19.0882671
NA,50.2471679,19.0882841
NA,50.2471716,19.0882892
NA,50.2472077,19.0882289
NA,50.2472185,19.0882481
NA,50.2472288,19.0884876
NA,50.2472505,19.0884067
NA,50.2472541,19.0884119
NA,50.2472652,19.0884287
NA,50.247284,19.0883455
NA,50.2472868,19.0883464
NA,50.2661245,19.0919562
NA,50.266624,19.0921091
NA,50.2658753,19.0922414
NA,50.2678355,19.0928538
NA,50.2659393,19.0918403
NA,50.2673609,19.0925343
NA,50.2661266,19.091935
NA,50.2663329,19.0920157
NA,50.2665273,19.0920716
NA,50.2665571,19.0931034
NA,50.2666018,19.0929237
NA,50.2666567,19.0925866
NA,50.2667458,19.0921861
NA,50.2674719,19.0936568
NA,50.2677443,19.0937379
NA,50.2677708,19.0935121
NA,50.2465782,19.133233
NA,50.2466998,19.133066
NA,50.2467594,19.1329889
NA,50.2467609,19.1331361
NA,50.2467852,19.1330292
NA,50.2469451,19.1330809
NA,50.247016,19.1326964
NA,50.2470289,19.1330242
NA,50.2471086,19.1330874
NA,50.2471111,19.1329523
NA,50.2471805,19.1331135
NA,50.2467521,19.1331205
NA,50.2468005,19.1330528
NA,50.2467548,19.1329812
NA,50.2467975,19.1330858
NA,50.2470382,19.1330402
NA,50.2471526,19.1327981
NA,50.2465034,19.1331089
NA,50.2466857,19.1328603
NA,50.2468363,19.1328619
NA,50.2468681,19.1329122
NA,50.2471378,19.132895
NA,50.2468973,19.1324945
NA,50.2469737,19.1331305
NA,50.2469767,19.1330365
NA,50.2470767,19.1328964
NA,50.2472141,19.1331255
NA,50.2467399,19.133137
NA,50.2467883,19.1330695
NA,50.2468651,19.1329068
NA,50.2471208,19.1328886
NA,50.247128,19.1329594
NA,50.2472561,19.1328398
NA,50.2467466,19.1327056
NA,50.2470961,19.1329299
NA,50.2715329,19.0842448
NA,50.2716349,19.0843322
NA,50.2717052,19.0841289
NA,50.2720601,19.0844254
NA,50.2720834,19.0843566
NA,50.2720975,19.0843148
NA,50.2721153,19.0842621
NA,50.2771928,19.1210676
NA,50.2772964,19.1211674
NA,50.2774335,19.1204618
NA,50.2774493,19.1207332
NA,50.2774603,19.1207469
NA,50.2774692,19.120687
NA,50.2775503,19.120763
NA,50.2776023,19.120622
NA,50.2722765,19.1260134
NA,50.2724086,19.1259304
NA,50.2723982,19.1260886
NA,50.2724015,19.1260457
NA,50.2724959,19.1261315
NA,50.2725379,19.1259464
NA,50.2701939,19.12829
NA,50.2703215,19.127889
NA,50.270327,19.1278368
NA,50.2703287,19.1282119
NA,50.2703365,19.1279017
NA,50.2703533,19.1278566
NA,50.2703749,19.1276966
NA,50.2704134,19.1279407
NA,50.2704952,19.1283401
NA,50.2705354,19.1285798
NA,50.2705424,19.1288024
NA,50.270564,19.1284938
NA,50.2705839,19.1280706
NA,50.2705793,19.1284457
NA,50.2706217,19.128538
NA,50.2706369,19.1284898
NA,50.270653,19.1284421
NA,50.2706404,19.1286894
NA,50.270679,19.1281148
NA,50.27066,19.1282145
NA,50.2706593,19.1286268
NA,50.2707276,19.1279587
NA,50.2707434,19.1281638
NA,50.2707487,19.1289552
NA,50.2707826,19.1280343
NA,50.2707928,19.1288079
NA,50.2707996,19.1283074
NA,50.2708159,19.1282628
NA,50.2708819,19.1284221
NA,50.2709116,19.1283271
NA,50.2709351,19.128463
NA,50.2709456,19.1288422
NA,50.2709655,19.1283659
NA,50.2709945,19.1286996
NA,50.2712291,19.1286414
NA,50.2712526,19.1285979
NA,50.2713069,19.1286935
NA,50.2713807,19.1284943
NA,50.2701281,19.1281995
NA,50.2701615,19.1280873
NA,50.2701919,19.1282463
NA,50.2701967,19.1282293
NA,50.2702103,19.1282392
NA,50.2702402,19.1281449
NA,50.2703763,19.12846
NA,50.270386,19.1284299
NA,50.2722791,19.1259357
NA,50.2723021,19.1260276
NA,50.272303,19.1260165
NA,50.2723091,19.1259351
NA,50.2724069,19.1259524
NA,50.2700014,19.1314699
NA,50.2701231,19.1328466
NA,50.2701901,19.1314776
NA,50.2702371,19.1320526
NA,50.270258,19.1321911
NA,50.2703054,19.132771
NA,50.2706317,19.1313875
NA,50.2706794,19.1319711
NA,50.2706898,19.132105
NA,50.270737,19.1326823
NA,50.2707619,19.1313614
NA,50.2708678,19.1326561
NA,50.2700127,19.1316077
NA,50.2700549,19.1314592
NA,50.2700571,19.1315988
NA,50.2700585,19.1315039
NA,50.2701106,19.1326946
NA,50.2701475,19.1326872
NA,50.2701711,19.1327979
NA,50.2701742,19.1328363
NA,50.2702881,19.1319663
NA,50.2702942,19.1320412
NA,50.2703024,19.1321822
NA,50.2703052,19.1322165
NA,50.270618,19.1319002
NA,50.2706247,19.131982
NA,50.2706306,19.1321168
NA,50.2706334,19.1321508
NA,50.2700725,19.1317874
NA,50.2700811,19.1317857
NA,50.2700851,19.1319331
NA,50.270093,19.1319316
NA,50.2701209,19.1323706
NA,50.2701318,19.1323684
NA,50.2701338,19.1325196
NA,50.270144,19.1325175
NA,50.2703499,19.1322075
NA,50.2705825,19.132161
NA,50.2797494,19.1325551
NA,50.2798494,19.1330219
NA,50.2799308,19.132651
NA,50.2799726,19.1323931
NA,50.2799795,19.1324286
NA,50.2800145,19.1329609
NA,50.2800685,19.1323403
NA,50.2802278,19.1326244
NA,50.2799164,19.132684
NA,50.2799257,19.1327229
NA,50.2799369,19.1326729
NA,50.2799498,19.1329694
NA,50.2799557,19.1329933
NA,50.2799577,19.1327071
NA,50.280079,19.1323885
NA,50.2801068,19.1323729
NA,50.2801156,19.1325527
NA,50.2801329,19.1326183
NA,50.2801486,19.132643
NA,50.2801537,19.1325832
NA,50.2801656,19.1326623
NA,50.2801729,19.1326052
NA,50.2801862,19.1326727
NA,50.2801985,19.1326268
NA,50.2802046,19.1326749
NA,50.2802143,19.1326271
NA,50.2802236,19.1326728
NA,50.2802377,19.132667
NA,50.2896288,19.1152304
NA,50.2897831,19.1147634
NA,50.2898195,19.1149447
NA,50.2898853,19.1152828
NA,50.2899232,19.115464
NA,50.2899603,19.1150591
NA,50.2900772,19.1149991
NA,50.2897456,19.1151722
NA,50.2936436,19.1212836
NA,50.2936809,19.1211509
NA,50.2937682,19.1213699
NA,50.2938066,19.1212377
NA,50.2909379,19.1342316
NA,50.2909965,19.1342726
NA,50.2910009,19.1342592
NA,50.2910107,19.1339822
NA,50.2910548,19.1343198
NA,50.2910747,19.1342816
NA,50.29118,19.1344101
NA,50.2911927,19.1343654
NA,50.2912583,19.1344368
NA,50.2912701,19.1341922
NA,50.291282,19.1341503
NA,50.2913181,19.1342255
NA,50.2910149,19.134294
NA,50.2910208,19.1342738
NA,50.2910611,19.1343264
NA,50.2910641,19.1340377
NA,50.2910672,19.1340264
NA,50.2910853,19.1340535
NA,50.2910962,19.1340183
NA,50.291226,19.1344437
NA,50.2912328,19.1344194
NA,50.2457486,19.1622384
NA,50.2458113,19.1623403
NA,50.2458212,19.1620033
NA,50.2458245,19.1622952
NA,50.2458371,19.1620134
NA,50.2458769,19.1619633
NA,50.2459201,19.1619707
NA,50.245929,19.1619489
NA,50.2459347,19.1624322
NA,50.2459369,19.1622379
NA,50.2459469,19.1622823
NA,50.2459519,19.161966
NA,50.2459545,19.1622539
NA,50.245962,19.161941
NA,50.2459739,19.1623051
NA,50.246015,19.1619822
NA,50.2656788,19.1657091
NA,50.2656827,19.1658066
NA,50.2656938,19.1656353
NA,50.2656967,19.1657074
NA,50.2657001,19.1658049
NA,50.2657032,19.1658827
NA,50.2657593,19.1656289
NA,50.26576,19.1656458
NA,50.2657767,19.1658514
NA,50.2657776,19.1658754
NA,50.2658734,19.1656347
NA,50.2658816,19.1658412
NA,50.2936586,19.1643853
NA,50.2935769,19.1640898
NA,50.2935449,19.1643513
NA,50.2936906,19.1641239
NA,50.2936635,19.1643451
NA,50.3005561,19.0897293
NA,50.3005639,19.0894563
NA,50.3006904,19.0897406
NA,50.3006998,19.089465
NA,50.3045349,19.0956132
NA,50.3045392,19.0954459
NA,50.3047063,19.0954538
NA,50.3047607,19.0954571
NA,50.3048635,19.0956347
NA,50.3048682,19.0954626
NA,50.3034207,19.1224917
NA,50.3034361,19.1227249
NA,50.3034741,19.1228784
NA,50.3037995,19.122666
NA,50.3036491,19.1228501
NA,50.3045714,19.1223051
NA,50.3033524,19.1233845
NA,50.3036856,19.123402
NA,50.3038465,19.1233759
NA,50.3039659,19.1225833
NA,50.3039792,19.1227965
NA,50.3039845,19.1228405
NA,50.3040201,19.1233551
NA,50.3040494,19.1229978
NA,50.3040599,19.1227815
NA,50.3040808,19.1229847
NA,50.3041332,19.1225685
NA,50.3041828,19.1233337
NA,50.3042998,19.1225336
NA,50.3043509,19.1233056
NA,50.3044688,19.1225062
NA,50.3045198,19.1232771
NA,50.3046173,19.1229978
NA,50.3046371,19.1232566
NA,50.3046437,19.1229935
NA,50.3046608,19.1232528
NA,50.2962403,19.1315574
NA,50.296043,19.1313752
NA,50.2962563,19.1314697
NA,50.2960271,19.1314628
NA,50.2981653,19.1349783
NA,50.2982072,19.1347923
NA,50.2984398,19.1351264
NA,50.2984811,19.134937
NA,50.3034079,19.1244659
NA,50.3034282,19.1247304
NA,50.3034444,19.1249818
NA,50.303462,19.1252475
NA,50.3035375,19.1247127
NA,50.303579,19.1244382
NA,50.3035542,19.124964
NA,50.3040287,19.1235399
NA,50.3040486,19.1238398
NA,50.3040454,19.1240992
NA,50.3040734,19.1251484
NA,50.3040837,19.1253039
NA,50.3041482,19.1253173
NA,50.3044734,19.1237361
NA,50.3044922,19.1240203
NA,50.304649,19.1234356
NA,50.3031573,19.1234162
NA,50.303178,19.1237505
NA,50.3033589,19.1234816
NA,50.3033667,19.1236132
NA,50.3033737,19.1237187
NA,50.3035124,19.1234567
NA,50.3035227,19.1235879
NA,50.3031005,19.1235493
NA,50.3031071,19.1236481
NA,50.3031195,19.1235054
NA,50.3031222,19.1235458
NA,50.3031298,19.1236444
NA,50.3031321,19.1236791
NA,50.3031376,19.1234534
NA,50.3031408,19.1235019
NA,50.3031485,19.1236764
NA,50.3031511,19.1237163
NA,50.3031595,19.1234498
NA,50.3031754,19.1237123
NA,50.3033917,19.1245525
NA,50.3033981,19.1246486
NA,50.3034134,19.124549
NA,50.3034225,19.1246447
NA,50.3034854,19.1239517
NA,50.30349,19.1240227
NA,50.3034973,19.1239288
NA,50.3034994,19.1240366
NA,50.3035103,19.123917
NA,50.3035139,19.1240435
NA,50.3035245,19.1239141
NA,50.3035247,19.1239216
NA,50.3035292,19.1240423
NA,50.3035299,19.1240334
NA,50.3035432,19.1239193
NA,50.3035509,19.1240307
NA,50.3036906,19.1235955
NA,50.3037394,19.124415
NA,50.3037681,19.1246746
NA,50.3037874,19.1249384
NA,50.3038578,19.1235711
NA,50.3039066,19.1243906
NA,50.3039305,19.1246456
NA,50.3039497,19.1249094
NA,50.3040627,19.1243604
NA,50.304065,19.1240467
NA,50.3040682,19.1240955
NA,50.3040717,19.1237899
NA,50.3040747,19.1238356
NA,50.3040847,19.1243569
NA,50.3040882,19.1240429
NA,50.3040914,19.1240914
NA,50.3041093,19.1252998
NA,50.3041109,19.1253234
NA,50.3042396,19.1237627
NA,50.3042424,19.1238054
NA,50.3042556,19.1240274
NA,50.304258,19.1240644
NA,50.3043686,19.1234848
NA,50.3043917,19.1237493
NA,50.3043938,19.1237809
NA,50.3044101,19.1240024
NA,50.3044121,19.1240332
NA,50.3195484,19.1162467
NA,50.3195636,19.1162019
NA,50.3195697,19.1163346
NA,50.3195706,19.1162336
NA,50.3195874,19.1161581
NA,50.3195932,19.1161836
NA,50.3195944,19.1163217
NA,50.3196132,19.1163982
NA,50.3197063,19.1160901
NA,50.3197593,19.116314
NA,50.3198416,19.1163277
NA,50.3198454,19.1164378
NA,50.3199076,19.1163237
NA,50.3199118,19.1164338
NA,50.3132361,19.1361974
NA,50.3132391,19.1362122
NA,50.3132479,19.1361919
NA,50.3132518,19.1362122
NA,50.313271,19.1363718
NA,50.3132754,19.1363941
NA,50.3132822,19.1364245
NA,50.3133274,19.1363801
NA,50.3133315,19.1364004
NA,50.3134032,19.1361416
NA,50.3134062,19.1361148
NA,50.3134314,19.1361013
NA,50.3134384,19.1363174
NA,50.3134404,19.1363323
NA,50.3134452,19.136104
NA,50.313481,19.136299
NA,50.3159491,19.1311417
NA,50.3160211,19.1310058
NA,50.3162085,19.1314819
NA,50.3162809,19.1313426
NA,50.3183425,19.132408
NA,50.3183886,19.1323784
NA,50.3184065,19.1323668
NA,50.3184252,19.1327217
NA,50.3184891,19.1326807
NA,50.3203026,19.1308766
NA,50.3203199,19.1309507
NA,50.32036,19.1308439
NA,50.3203774,19.1309181
NA,50.3197425,19.1387074
NA,50.319773,19.1388975
NA,50.319841,19.138322
NA,50.3198694,19.1385011
NA,50.3198921,19.1383001
NA,50.319895,19.1383154
NA,50.319911,19.1384841
NA,50.3199337,19.138634
NA,50.3199659,19.1384654
NA,50.3199892,19.138614
NA,50.3200923,19.1385741
NA,50.320123,19.1387625
NA,50.3201239,19.1382217
NA,50.3201474,19.1383876
NA,50.3214693,19.1572271
NA,50.3215194,19.1572637
NA,50.3215635,19.1572314
NA,50.3215702,19.1568963
NA,50.3215964,19.1572558
NA,50.3216199,19.1569331
NA,50.3216319,19.1570074
NA,50.3216639,19.1570337
NA,50.3216473,19.1570201
NA,50.2973483,19.1823479
NA,50.2974069,19.1817817
NA,50.2974521,19.1816206
NA,50.2974959,19.1818419
NA,50.2975964,19.1810999
NA,50.2976396,19.1809467
NA,50.2977609,19.1818296
NA,50.297798,19.1820476
NA,50.2978057,19.1820536
NA,50.2978078,19.1818607
NA,50.297819,19.1808225
NA,50.2978347,19.1806858
NA,50.2978465,19.1807241
NA,50.2978529,19.1818926
NA,50.297876,19.1808618
NA,50.297891,19.1811183
NA,50.2978955,19.1804722
NA,50.2979017,19.1810666
NA,50.2979046,19.1810726
NA,50.2979071,19.1813111
NA,50.2979202,19.1807743
NA,50.2979289,19.180749
NA,50.2979423,19.1808245
NA,50.297952,19.1813421
NA,50.2979585,19.1807685
NA,50.2979773,19.1803948
NA,50.2979792,19.1807832
NA,50.2979979,19.1811895
NA,50.2980789,19.1805969
NA,50.2980834,19.1808516
NA,50.2980868,19.1800052
NA,50.2980889,19.1808585
NA,50.2980952,19.1808114
NA,50.2981101,19.1804848
NA,50.298136,19.1806364
NA,50.2981674,19.1805261
NA,50.2982042,19.1805512
NA,50.2983097,19.1815847
NA,50.2983138,19.1801599
NA,50.2983249,19.1812271
NA,50.2983528,19.1814313
NA,50.2983853,19.1810079
NA,50.2984288,19.1812953
NA,50.2985365,19.1809099
NA,50.2977005,19.1823962
NA,50.2977745,19.1826392
NA,50.2978197,19.1824764
NA,50.3152072,19.167605
NA,50.3152843,19.1677868
NA,50.3153622,19.1677058
NA,50.3155097,19.1672906
NA,50.3155867,19.1674724
NA,50.3206137,19.1770722
NA,50.3195145,19.1769076
NA,50.3197449,19.1764566
NA,50.321052,19.1765644
NA,50.3205927,19.1773449
NA,50.319785,19.1771224
NA,50.3194816,19.1770744
NA,50.3197012,19.1766762
NA,50.3206585,19.176782
NA,50.3206633,19.1767181
NA,50.3203621,19.1764506
NA,50.3198315,19.1768864
NA,50.3206285,19.17675
NA,50.3210577,19.1774323
NA,50.3195976,19.1771026
NA,50.3199586,19.1768018
NA,50.3206266,19.1767762
NA,50.320643,19.1769893
NA,50.3206545,19.1760818
NA,50.319467,19.1774744
NA,50.3195758,19.1772133
NA,50.320611,19.1769834
NA,50.3211103,19.1770751
NA,50.3196203,19.1776311
NA,50.3207431,19.1770078
NA,50.3201869,19.1780965
NA,50.319877,19.1771671
NA,50.3197291,19.17737
NA,50.3207364,19.1770952
NA,50.3201935,19.1779309
NA,50.3198329,19.177306
NA,50.3210787,19.1771595
NA,50.3201083,19.1780933
NA,50.320076,19.1766438
NA,50.319969,19.1773448
NA,50.3210801,19.1761606
NA,50.3200257,19.1778928
NA,50.3202076,19.1767095
NA,50.3211306,19.1768039
NA,50.320673,19.1769946
NA,50.3200252,19.1771921
NA,50.3201928,19.1769066
NA,50.3206663,19.177082
NA,50.3200566,19.177034
NA,50.3196568,19.1768021
NA,50.3197561,19.1772689
NA,50.3201334,19.1770697
NA,50.3196166,19.1770063
NA,50.3195084,19.1770873
NA,50.3195392,19.1769195
NA,50.3199237,19.1782639
NA,50.3194831,19.1786783
NA,50.3193954,19.1782153
NA,50.3202408,19.1786
NA,50.3198255,19.1783608
NA,50.3194848,19.1787644
NA,50.3198028,19.1786565
NA,50.319687,19.1780164
NA,50.3201351,19.1786049
NA,50.3196025,19.1787586
NA,50.3196639,19.1786622
NA,50.3201277,19.178217
NA,50.3200058,19.1785334
NA,50.3196669,19.1788457
NA,50.3200131,19.178881
NA,50.3202335,19.1782121
NA,50.3198058,19.1788401
NA,50.3196547,19.178205
NA,50.3199042,19.1788866
NA,50.3196583,19.1784315
NA,50.3198969,19.1785391
NA,50.3197852,19.1779195
NA,50.3196008,19.1786726
NA,50.319399,19.1784419
NA,50.31943,19.1764498
NA,50.3193346,19.1790817
NA,50.3194075,19.1767987
NA,50.3197066,19.1765681
NA,50.3197981,19.1760978
NA,50.3199349,19.1762781
NA,50.3202991,19.1790083
NA,50.3200015,19.1763535
NA,50.3200948,19.1764205
NA,50.3201319,19.1766717
NA,50.3202024,19.1763941
NA,50.3203177,19.176319
NA,50.3203346,19.1789388
NA,50.3203029,19.1789413
NA,50.3205806,19.1760636
NA,50.3212115,19.1788459
NA,50.3212452,19.1761807
NA,50.3212361,19.1787769
NA,50.3191101,19.1790143
NA,50.3191559,19.1790875
NA,50.3191229,19.1790516
NA,50.3192809,19.1773933
NA,50.3193144,19.1776305
NA,50.3193692,19.1768269
NA,50.3193707,19.1774703
NA,50.3193903,19.1766949
NA,50.3194013,19.1768442
NA,50.3194205,19.1767107
NA,50.3195539,19.1770814
NA,50.3195488,19.1771069
NA,50.3195817,19.1769401
NA,50.3195728,19.1769851
NA,50.3197241,19.1765613
NA,50.3198544,19.177425
NA,50.3199008,19.1770923
NA,50.3200225,19.1769125
NA,50.3200407,19.1775321
NA,50.3200455,19.1763956
NA,50.3200526,19.177521
NA,50.3200806,19.1766204
NA,50.3200756,19.1769384
NA,50.3200955,19.1776748
NA,50.3201072,19.1776638
NA,50.3201649,19.1768972
NA,50.3202103,19.1766732
NA,50.3206096,19.1771246
NA,50.32112,19.1769455
NA,50.3212063,19.1767267
NA,50.3212097,19.1769482
NA,50.3195196,19.1764875
NA,50.3196534,19.1765436
Polsko-Amerykanska Klinika Serca,50.3208719,19.1768348
NA,50.3203727,19.1763285
NA,50.3204219,19.1763349
NA,50.3208762,19.1767572
NA,50.3193477,19.1774289
NA,50.3193477,19.1775822
NA,50.3193064,19.1777438
NA,50.3205743,19.1782552
NA,50.3205802,19.1784387
NA,50.3205862,19.1775999
NA,50.320587,19.1782558
NA,50.3205932,19.1784369
NA,50.3205889,19.1786733
NA,50.3206926,19.1782605
NA,50.3206983,19.178428
NA,50.320707,19.1786625
NA,50.3207385,19.1776067
NA,50.3207266,19.178262
NA,50.320767,19.1782638
NA,50.3207733,19.1784212
NA,50.3208365,19.1784154
NA,50.3208452,19.17865
NA,50.3209143,19.1784083
NA,50.320923,19.1786429
NA,50.3209521,19.1782721
NA,50.3209576,19.1784044
NA,50.3210177,19.178275
NA,50.3210296,19.1776197
NA,50.3210289,19.1783979
NA,50.3210376,19.1786325
NA,50.321101,19.1783914
NA,50.3211097,19.1786259
NA,50.3208739,19.1771211
NA,50.3208806,19.1770329
NA,50.3209511,19.177046
NA,50.3209444,19.1771342
NA,50.321062,19.1773766
NA,50.321071,19.1772591
